PRAGMA foreign_keys=OFF;
BEGIN TRANSACTION;
CREATE TABLE IF NOT EXISTS "schema_migrations" ("version" varchar NOT NULL PRIMARY KEY);
INSERT INTO schema_migrations VALUES('20250702054118');
INSERT INTO schema_migrations VALUES('20250702145645');
INSERT INTO schema_migrations VALUES('20250702201944');
INSERT INTO schema_migrations VALUES('20250703002954');
INSERT INTO schema_migrations VALUES('20250712010059');
INSERT INTO schema_migrations VALUES('20250712015251');
CREATE TABLE IF NOT EXISTS "ar_internal_metadata" ("key" varchar NOT NULL PRIMARY KEY, "value" varchar, "created_at" datetime(6) NOT NULL, "updated_at" datetime(6) NOT NULL);
INSERT INTO ar_internal_metadata VALUES('environment','development','2025-07-02 05:43:28.221232','2025-07-02 05:43:28.221234');
CREATE TABLE IF NOT EXISTS "meals" ("id" integer PRIMARY KEY AUTOINCREMENT NOT NULL, "name" varchar, "created_at" datetime(6) NOT NULL, "updated_at" datetime(6) NOT NULL);
INSERT INTO meals VALUES(1,'Drunken Noodles','2025-07-02 20:32:31.791415','2025-07-02 20:32:31.791415');
INSERT INTO meals VALUES(2,'Nachos','2025-07-08 16:39:07.706822','2025-07-08 16:39:07.706822');
INSERT INTO meals VALUES(3,'Pizza','2025-07-08 16:39:07.788040','2025-07-08 16:39:07.788040');
INSERT INTO meals VALUES(4,'Stir Fry','2025-07-08 16:39:07.811511','2025-07-08 16:39:07.811511');
INSERT INTO meals VALUES(5,'Pad Thai','2025-07-08 16:39:07.837729','2025-07-08 16:39:07.837729');
CREATE TABLE IF NOT EXISTS "recipe_components" ("id" integer PRIMARY KEY AUTOINCREMENT NOT NULL, "amount" decimal, "created_at" datetime(6) NOT NULL, "updated_at" datetime(6) NOT NULL, "meal_id" integer NOT NULL, "ingredient_id" integer NOT NULL, CONSTRAINT "fk_rails_0bbec22857"
FOREIGN KEY ("meal_id")
  REFERENCES "meals" ("id")
, CONSTRAINT "fk_rails_01257932b4"
FOREIGN KEY ("ingredient_id")
  REFERENCES "ingredients" ("id")
);
INSERT INTO recipe_components VALUES(1,1,'2025-07-03 01:17:18.860170','2025-07-03 01:17:18.860170',1,7);
INSERT INTO recipe_components VALUES(2,1,'2025-07-03 01:17:18.879694','2025-07-03 01:17:18.879694',1,8);
INSERT INTO recipe_components VALUES(3,0.5,'2025-07-03 01:17:18.890360','2025-07-03 01:17:18.890360',1,9);
INSERT INTO recipe_components VALUES(4,1,'2025-07-03 01:17:18.893856','2025-07-03 01:17:18.893856',1,10);
INSERT INTO recipe_components VALUES(5,0.1000000000000000055,'2025-07-03 01:17:18.899786','2025-07-03 01:17:18.899786',1,11);
INSERT INTO recipe_components VALUES(6,1,'2025-07-03 01:17:18.904086','2025-07-03 01:17:18.904086',1,12);
INSERT INTO recipe_components VALUES(7,0.25,'2025-07-03 01:17:18.908543','2025-07-03 01:17:18.908543',1,13);
INSERT INTO recipe_components VALUES(8,0.5,'2025-07-03 01:17:18.909517','2025-07-03 01:17:18.909517',1,14);
INSERT INTO recipe_components VALUES(9,60,'2025-07-03 05:14:38.774076','2025-07-03 05:14:38.774076',1,1);
INSERT INTO recipe_components VALUES(10,60,'2025-07-03 05:14:38.785411','2025-07-03 05:14:38.785411',1,2);
INSERT INTO recipe_components VALUES(11,30,'2025-07-03 05:14:38.795563','2025-07-03 05:14:38.795563',1,3);
INSERT INTO recipe_components VALUES(12,20,'2025-07-03 05:14:38.798873','2025-07-03 05:14:38.798873',1,4);
INSERT INTO recipe_components VALUES(13,120,'2025-07-03 05:14:38.802556','2025-07-03 05:14:38.802556',1,5);
INSERT INTO recipe_components VALUES(14,30,'2025-07-03 05:14:38.806584','2025-07-03 05:14:38.806584',1,6);
INSERT INTO recipe_components VALUES(15,1,'2025-07-08 16:39:07.758544','2025-07-08 16:39:07.758544',2,15);
INSERT INTO recipe_components VALUES(16,0.3499999999999999778,'2025-07-08 16:39:07.772497','2025-07-08 16:39:07.772497',2,16);
INSERT INTO recipe_components VALUES(17,0.25,'2025-07-08 16:39:07.778664','2025-07-08 16:39:07.778664',2,9);
INSERT INTO recipe_components VALUES(18,0.25,'2025-07-08 16:39:07.781468','2025-07-08 16:39:07.781468',2,10);
INSERT INTO recipe_components VALUES(19,0.1000000000000000055,'2025-07-08 16:39:07.784995','2025-07-08 16:39:07.784995',2,17);
INSERT INTO recipe_components VALUES(20,2,'2025-07-08 16:39:07.793713','2025-07-08 16:39:07.793713',3,18);
INSERT INTO recipe_components VALUES(21,0.5,'2025-07-08 16:39:07.798514','2025-07-08 16:39:07.798514',3,19);
INSERT INTO recipe_components VALUES(22,0.1000000000000000055,'2025-07-08 16:39:07.803087','2025-07-08 16:39:07.803087',3,20);
INSERT INTO recipe_components VALUES(23,0.25,'2025-07-08 16:39:07.804798','2025-07-08 16:39:07.804798',3,21);
INSERT INTO recipe_components VALUES(24,0.2000000000000000111,'2025-07-08 16:39:07.806634','2025-07-08 16:39:07.806634',3,22);
INSERT INTO recipe_components VALUES(25,0.1000000000000000055,'2025-07-08 16:39:07.807272','2025-07-08 16:39:07.807272',3,23);
INSERT INTO recipe_components VALUES(26,0.125,'2025-07-08 16:39:07.807719','2025-07-08 16:39:07.807719',3,9);
INSERT INTO recipe_components VALUES(27,1,'2025-07-08 16:39:07.814239','2025-07-08 16:39:07.814239',4,8);
INSERT INTO recipe_components VALUES(28,1,'2025-07-08 16:39:07.818460','2025-07-08 16:39:07.818460',4,24);
INSERT INTO recipe_components VALUES(29,0.5,'2025-07-08 16:39:07.823230','2025-07-08 16:39:07.823230',4,25);
INSERT INTO recipe_components VALUES(30,0.5,'2025-07-08 16:39:07.827863','2025-07-08 16:39:07.827863',4,10);
INSERT INTO recipe_components VALUES(31,200,'2025-07-08 16:39:07.834356','2025-07-08 16:39:07.834356',4,26);
INSERT INTO recipe_components VALUES(32,1,'2025-07-08 16:39:07.834830','2025-07-08 16:39:07.834830',4,27);
INSERT INTO recipe_components VALUES(33,60,'2025-07-08 16:39:07.835132','2025-07-08 16:39:07.835132',4,2);
INSERT INTO recipe_components VALUES(34,30,'2025-07-08 16:39:07.835441','2025-07-08 16:39:07.835441',4,3);
INSERT INTO recipe_components VALUES(35,1,'2025-07-08 16:39:07.838585','2025-07-08 16:39:07.838585',5,8);
INSERT INTO recipe_components VALUES(36,1,'2025-07-08 16:39:07.838885','2025-07-08 16:39:07.838885',5,10);
INSERT INTO recipe_components VALUES(37,1,'2025-07-08 16:39:07.839195','2025-07-08 16:39:07.839195',5,12);
INSERT INTO recipe_components VALUES(38,0.25,'2025-07-08 16:39:07.839495','2025-07-08 16:39:07.839495',5,9);
INSERT INTO recipe_components VALUES(39,0.2999999999999999889,'2025-07-08 16:39:07.839921','2025-07-08 16:39:07.839921',5,28);
INSERT INTO recipe_components VALUES(40,125,'2025-07-08 16:39:07.840628','2025-07-08 16:39:07.840628',5,29);
INSERT INTO recipe_components VALUES(41,150,'2025-07-08 16:39:07.841069','2025-07-08 16:39:07.841069',5,30);
INSERT INTO recipe_components VALUES(42,1,'2025-07-08 16:39:07.841506','2025-07-08 16:39:07.841506',5,31);
INSERT INTO recipe_components VALUES(43,0.5,'2025-07-08 16:39:07.841945','2025-07-08 16:39:07.841945',5,32);
INSERT INTO recipe_components VALUES(44,0.5,'2025-07-08 16:39:07.843824','2025-07-08 16:39:07.843824',5,7);
INSERT INTO recipe_components VALUES(45,30,'2025-07-08 16:39:07.844209','2025-07-08 16:39:07.844209',5,3);
INSERT INTO recipe_components VALUES(46,0.1000000000000000055,'2025-07-08 16:39:07.844519','2025-07-08 16:39:07.844519',5,11);
INSERT INTO recipe_components VALUES(47,1,'2025-07-08 16:39:07.845049','2025-07-08 16:39:07.845049',5,33);
CREATE TABLE IF NOT EXISTS "ingredients" ("id" integer PRIMARY KEY AUTOINCREMENT NOT NULL, "name" varchar, "unit" varchar, "created_at" datetime(6) NOT NULL, "updated_at" datetime(6) NOT NULL, "price" decimal, "quantity" integer);
INSERT INTO ingredients VALUES(1,'Syrup','ml','2025-07-03 00:02:15.417474','2025-07-12 01:37:21.401863',0.02798000000000000139,1);
INSERT INTO ingredients VALUES(2,'Oyster Sauce','ml','2025-07-03 00:02:15.422788','2025-07-12 01:37:21.412794',0.02513793103448275918,1);
INSERT INTO ingredients VALUES(3,'Soy Sauce','ml','2025-07-03 00:02:15.427683','2025-07-12 01:37:21.422850',0.01082499999999999956,1);
INSERT INTO ingredients VALUES(4,'Fish Sauce','ml','2025-07-03 00:02:15.442106','2025-07-12 01:37:21.430721',0.03500000000000000334,1);
INSERT INTO ingredients VALUES(5,'Cooking Wine','ml','2025-07-03 00:02:15.447240','2025-07-12 01:37:21.437080',0.02158666666666666025,1);
INSERT INTO ingredients VALUES(6,'Olive Oil','ml','2025-07-03 00:02:15.452025','2025-07-12 01:37:21.442725',0.04000000000000000083,1);
INSERT INTO ingredients VALUES(7,'Rice Noodles','brick','2025-07-03 00:04:41.541986','2025-07-12 01:37:21.450650',1.5,1);
INSERT INTO ingredients VALUES(8,'Broccoli','bunch','2025-07-03 00:04:41.555835','2025-07-12 01:37:21.453027',4,1);
INSERT INTO ingredients VALUES(9,'Red Pepper','','2025-07-03 00:04:41.559747','2025-07-12 01:37:21.454077',2,1);
INSERT INTO ingredients VALUES(10,'Green Onion','bunch','2025-07-03 00:04:41.563412','2025-07-12 01:37:21.455156',2,1);
INSERT INTO ingredients VALUES(11,'Chili Peppers','bunch','2025-07-03 00:04:41.565876','2025-07-12 01:37:21.458978',6,1);
INSERT INTO ingredients VALUES(12,'Bean Sprouts','serving','2025-07-03 00:04:41.566327','2025-07-12 01:37:21.459460',1,1);
INSERT INTO ingredients VALUES(13,'Snap Peas','bag','2025-07-03 00:04:41.566742','2025-07-12 01:37:21.459874',5,1);
INSERT INTO ingredients VALUES(14,'Basil','bunch','2025-07-03 00:04:41.567214','2025-07-12 01:37:21.460406',3,1);
INSERT INTO ingredients VALUES(15,'Tortilla Chips','tbd','2025-07-08 16:39:07.719013','2025-07-12 01:37:21.463437',0,1);
INSERT INTO ingredients VALUES(16,'Cheddar Cheese','tbd','2025-07-08 16:39:07.763524','2025-07-12 01:37:21.464996',0,1);
INSERT INTO ingredients VALUES(17,'Soy Beans','tbd','2025-07-08 16:39:07.783243','2025-07-12 01:37:21.465256',0,1);
INSERT INTO ingredients VALUES(18,'Pizzas','tbd','2025-07-08 16:39:07.789541','2025-07-12 01:37:21.465508',0,1);
INSERT INTO ingredients VALUES(19,'Mozzarella Cheese','tbd','2025-07-08 16:39:07.795175','2025-07-12 01:37:21.465897',0,1);
INSERT INTO ingredients VALUES(20,'Onion','tbd','2025-07-08 16:39:07.799791','2025-07-12 01:37:21.466375',0,1);
INSERT INTO ingredients VALUES(21,'Green Pepper','tbd','2025-07-08 16:39:07.804254','2025-07-12 01:37:21.466906',0,1);
INSERT INTO ingredients VALUES(22,'Walnuts','g','2025-07-08 16:39:07.805648','2025-07-12 01:41:51.113374',5,100);
INSERT INTO ingredients VALUES(23,'Feta Cheese','tbd','2025-07-08 16:39:07.806828','2025-07-12 01:37:21.467596',0,1);
INSERT INTO ingredients VALUES(24,'Carrots','tbd','2025-07-08 16:39:07.814461','2025-07-12 01:37:21.467849',0,1);
INSERT INTO ingredients VALUES(25,'Zucchini','tbd','2025-07-08 16:39:07.818952','2025-07-12 01:37:21.468222',0,1);
INSERT INTO ingredients VALUES(26,'Cashews','tbd','2025-07-08 16:39:07.833635','2025-07-12 01:37:21.469186',0,1);
INSERT INTO ingredients VALUES(27,'Rice','tbd','2025-07-08 16:39:07.834544','2025-07-12 01:37:21.469989',0,1);
INSERT INTO ingredients VALUES(28,'Prawns','tbd','2025-07-08 16:39:07.839654','2025-07-12 01:37:21.470474',0,1);
INSERT INTO ingredients VALUES(29,'Pad Thai Sauce','tbd','2025-07-08 16:39:07.840348','2025-07-12 01:37:21.476309',0,1);
INSERT INTO ingredients VALUES(30,'Peanuts','tbd','2025-07-08 16:39:07.840797','2025-07-12 01:37:21.485424',0,1);
INSERT INTO ingredients VALUES(31,'Ginger','tbd','2025-07-08 16:39:07.841240','2025-07-12 01:37:21.488257',0,1);
INSERT INTO ingredients VALUES(32,'Garlic','tbd','2025-07-08 16:39:07.841674','2025-07-12 01:37:21.488443',0,1);
INSERT INTO ingredients VALUES(33,'Egg','tbd','2025-07-08 16:39:07.844768','2025-07-12 01:37:21.488728',0,1);
DELETE FROM sqlite_sequence;
INSERT INTO sqlite_sequence VALUES('meals',5);
INSERT INTO sqlite_sequence VALUES('recipe_components',47);
INSERT INTO sqlite_sequence VALUES('ingredients',33);
CREATE INDEX "index_recipe_components_on_meal_id" ON "recipe_components" ("meal_id") /*application='RailsSite'*/;
CREATE INDEX "index_recipe_components_on_ingredient_id" ON "recipe_components" ("ingredient_id") /*application='RailsSite'*/;
COMMIT;
